seqname	trim_orf_index_start	trim_orf_index_end	trim_bp_start	trim_bp_end	trim_pr	trim_pr_max	prox_orf_index_start	prox_orf_index_end	prox_bp_start	prox_bp_end	prox_pr	prox_pr_max	partial	full_orf_index_start	full_orf_index_end	full_bp_start	full_bp_end	pr_full	arc	bac	euk	vir	mix	unaligned	hallmark_cnt	group	shape	seqname_new	final_max_score	final_max_score_group
NODE_961_length_1781_cov_3.246234	1	6	2	1781	0.987	0.987	1	6	2	1781	NA	NA	0	1	6	2	1781	0.987	0.0	0.0	0.0	50.0	0.0	50.0	0	ssDNA	linear	NODE_961_length_1781_cov_3.246234||full	0.987	ssDNA
NODE_931_length_1799_cov_2.681193	1	2	3	1698	0.82	0.82	1	2	3	1698	NA	NA	0	1	2	3	1698	0.82	0.0	0.0	0.0	100.0	0.0	0.0	0	ssDNA	linear	NODE_931_length_1799_cov_2.681193||full	0.82	ssDNA
NODE_930_length_1800_cov_1.631519	1	3	1	1800	0.973	0.973	1	3	1	1800	NA	NA	0	1	3	1	1800	0.973	0.0	0.0	0.0	33.3	0.0	66.7	0	ssDNA	linear	NODE_930_length_1800_cov_1.631519||full	0.973	ssDNA
NODE_899_length_1815_cov_3.532386	1	2	163	1813	0.827	0.827	1	2	163	1813	NA	NA	0	1	2	163	1813	0.827	0.0	0.0	0.0	50.0	0.0	50.0	0	ssDNA	linear	NODE_899_length_1815_cov_3.532386||full	0.827	ssDNA
NODE_893_length_1819_cov_2.356576	1	3	156	1817	0.627	0.627	1	3	156	1817	NA	NA	0	1	3	156	1817	0.627	0.0	0.0	0.0	66.7	0.0	33.3	0	ssDNA	linear	NODE_893_length_1819_cov_2.356576||full	0.627	ssDNA
NODE_882_length_1825_cov_1.855932	1	2	3	1809	0.547	0.547	1	2	3	1809	NA	NA	0	1	2	3	1809	0.547	0.0	0.0	0.0	50.0	50.0	0.0	0	dsDNAphage	linear	NODE_882_length_1825_cov_1.855932||full	0.547	dsDNAphage
NODE_877_length_1827_cov_3.371896	1	7	3	1749	0.96	0.96	1	7	3	1749	NA	NA	0	1	7	3	1749	0.96	0.0	0.0	0.0	42.9	0.0	57.1	0	dsDNAphage	linear	NODE_877_length_1827_cov_3.371896||full	0.96	dsDNAphage
NODE_858_length_1836_cov_3.687816	1	3	2	1835	0.967	0.967	1	3	2	1835	NA	NA	0	1	3	2	1835	0.967	0.0	0.0	0.0	33.3	0.0	66.7	0	ssDNA	linear	NODE_858_length_1836_cov_3.687816||full	0.967	ssDNA
NODE_857_length_1837_cov_1.977553	1	6	3	1835	0.92	0.92	1	6	3	1835	NA	NA	0	1	6	3	1835	0.92	0.0	0.0	0.0	16.7	0.0	83.3	1	dsDNAphage	linear	NODE_857_length_1837_cov_1.977553||full	0.92	dsDNAphage
NODE_847_length_1843_cov_15.041387	1	2	3	1753	0.607	0.607	1	2	3	1753	NA	NA	0	1	2	3	1753	0.607	0.0	0.0	0.0	50.0	0.0	50.0	0	ssDNA	linear	NODE_847_length_1843_cov_15.041387||full	0.607	ssDNA
NODE_837_length_1850_cov_2.660724	1	4	1	1825	0.78	0.78	1	4	1	1825	NA	NA	0	1	4	1	1825	0.78	0.0	0.0	0.0	25.0	0.0	75.0	0	ssDNA	linear	NODE_837_length_1850_cov_2.660724||full	0.78	ssDNA
NODE_823_length_1856_cov_5.521377	1	4	26	1854	0.987	0.987	1	4	26	1854	NA	NA	0	1	4	26	1854	0.987	0.0	0.0	0.0	75.0	0.0	25.0	0	ssDNA	linear	NODE_823_length_1856_cov_5.521377||full	0.987	ssDNA
NODE_774_length_1886_cov_3.287275	1	2	3	1608	0.953	0.953	1	2	3	1608	NA	NA	0	1	2	3	1608	0.953	0.0	0.0	0.0	100.0	0.0	0.0	0	ssDNA	linear	NODE_774_length_1886_cov_3.287275||full	0.953	ssDNA
NODE_7624_length_1005_cov_2.422105	1	3	13	1003	0.9	0.9	1	3	13	1003	NA	NA	0	1	3	13	1003	0.9	0.0	0.0	0.0	33.3	0.0	66.7	0	dsDNAphage	linear	NODE_7624_length_1005_cov_2.422105||full	0.9	dsDNAphage
NODE_758_length_1898_cov_3.709712	1	3	1	1897	0.747	0.747	1	3	1	1897	NA	NA	0	1	3	1	1897	0.747	0.0	0.0	0.0	33.3	0.0	66.7	0	dsDNAphage	linear	NODE_758_length_1898_cov_3.709712||full	0.747	dsDNAphage
NODE_7573_length_1008_cov_1.238195	1	3	1	1008	0.653	0.653	1	3	1	1008	NA	NA	0	1	3	1	1008	0.653	0.0	0.0	0.0	33.3	0.0	66.7	0	dsDNAphage	linear	NODE_7573_length_1008_cov_1.238195||full	0.653	dsDNAphage
NODE_73_length_3780_cov_3.457450	1	7	3	3780	0.793	0.793	1	7	3	3780	NA	NA	0	1	7	3	3780	0.793	0.0	14.3	0.0	57.1	14.3	14.3	0	dsDNAphage	linear	NODE_73_length_3780_cov_3.457450||full	0.793	dsDNAphage
NODE_7315_length_1016_cov_1.958377	1	2	79	1016	0.987	0.987	1	2	79	1016	NA	NA	0	1	2	79	1016	0.987	0.0	0.0	0.0	100.0	0.0	0.0	0	ssDNA	linear	NODE_7315_length_1016_cov_1.958377||full	0.987	ssDNA
NODE_7312_length_1016_cov_2.105099	1	2	3	1009	0.967	0.967	1	2	3	1009	NA	NA	0	1	2	3	1009	0.967	0.0	0.0	0.0	50.0	0.0	50.0	0	ssDNA	linear	NODE_7312_length_1016_cov_2.105099||full	0.967	ssDNA
NODE_7287_length_1017_cov_1.885655	1	2	2	966	0.647	0.647	1	2	2	966	NA	NA	0	1	2	2	966	0.647	0.0	0.0	0.0	50.0	0.0	50.0	0	dsDNAphage	linear	NODE_7287_length_1017_cov_1.885655||full	0.647	dsDNAphage
NODE_7281_length_1018_cov_1.248183	1	2	3	963	0.973	0.973	1	2	3	963	NA	NA	0	1	2	3	963	0.973	0.0	0.0	0.0	100.0	0.0	0.0	0	ssDNA	linear	NODE_7281_length_1018_cov_1.248183||full	0.973	ssDNA
NODE_725_length_1925_cov_2.355615	1	2	389	1923	0.573	0.573	1	2	389	1923	NA	NA	0	1	2	389	1923	0.573	0.0	0.0	0.0	50.0	50.0	0.0	0	dsDNAphage	linear	NODE_725_length_1925_cov_2.355615||full	0.573	dsDNAphage
NODE_7242_length_1019_cov_2.001037	1	4	1	1018	0.893	0.893	1	4	1	1018	NA	NA	0	1	4	1	1018	0.893	0.0	0.0	0.0	75.0	0.0	25.0	0	dsDNAphage	linear	NODE_7242_length_1019_cov_2.001037||full	0.893	dsDNAphage
NODE_7232_length_1020_cov_1.147150	1	4	1	1020	0.993	0.993	1	4	1	1020	NA	NA	0	1	4	1	1020	0.993	0.0	0.0	0.0	50.0	0.0	50.0	0	ssDNA	linear	NODE_7232_length_1020_cov_1.147150||full	0.993	ssDNA
NODE_7126_length_1024_cov_1.636739	1	2	88	1024	0.547	0.547	1	2	88	1024	NA	NA	0	1	2	88	1024	0.547	0.0	0.0	0.0	50.0	0.0	50.0	0	dsDNAphage	linear	NODE_7126_length_1024_cov_1.636739||full	0.547	dsDNAphage
NODE_7102_length_1025_cov_3.312371	1	2	222	1023	0.993	0.993	1	2	222	1023	NA	NA	0	1	2	222	1023	0.993	0.0	0.0	0.0	100.0	0.0	0.0	0	ssDNA	linear	NODE_7102_length_1025_cov_3.312371||full	0.993	ssDNA
NODE_7098_length_1026_cov_1.129763	1	2	1	911	0.933	0.933	1	2	1	911	NA	NA	0	1	2	1	911	0.933	0.0	0.0	0.0	50.0	0.0	50.0	0	ssDNA	linear	NODE_7098_length_1026_cov_1.129763||full	0.933	ssDNA
NODE_705_length_1941_cov_3.234889	1	3	1	1941	0.507	0.507	1	3	1	1941	NA	NA	0	1	3	1	1941	0.507	0.0	0.0	0.0	66.7	33.3	0.0	0	dsDNAphage	linear	NODE_705_length_1941_cov_3.234889||full	0.507	dsDNAphage
NODE_6937_length_1032_cov_1.686796	1	2	43	1031	0.993	0.993	1	2	43	1031	NA	NA	0	1	2	43	1031	0.993	0.0	0.0	0.0	50.0	0.0	50.0	0	ssDNA	linear	NODE_6937_length_1032_cov_1.686796||full	0.993	ssDNA
NODE_6922_length_1032_cov_3.287615	1	2	64	1030	0.973	0.973	1	2	64	1030	NA	NA	0	1	2	64	1030	0.973	0.0	0.0	0.0	50.0	0.0	50.0	0	ssDNA	linear	NODE_6922_length_1032_cov_3.287615||full	0.973	ssDNA
NODE_6848_length_1035_cov_1.688776	1	3	2	1034	0.593	0.593	1	3	2	1034	NA	NA	0	1	3	2	1034	0.593	0.0	0.0	0.0	33.3	33.3	33.3	0	dsDNAphage	linear	NODE_6848_length_1035_cov_1.688776||full	0.593	dsDNAphage
NODE_6845_length_1035_cov_2.030612	1	3	1	1034	0.62	0.62	1	3	1	1034	NA	NA	0	1	3	1	1034	0.62	0.0	0.0	0.0	33.3	33.3	33.3	0	dsDNAphage	linear	NODE_6845_length_1035_cov_2.030612||full	0.62	dsDNAphage
NODE_6726_length_1040_cov_1.374619	1	2	1	957	0.987	0.987	1	2	1	957	NA	NA	0	1	2	1	957	0.987	0.0	0.0	0.0	50.0	0.0	50.0	0	ssDNA	linear	NODE_6726_length_1040_cov_1.374619||full	0.987	ssDNA
NODE_6725_length_1040_cov_1.408122	1	3	1	1039	0.78	0.78	1	3	1	1039	NA	NA	0	1	3	1	1039	0.78	0.0	0.0	0.0	33.3	0.0	66.7	0	ssDNA	linear	NODE_6725_length_1040_cov_1.408122||full	0.78	ssDNA
NODE_6634_length_1043_cov_2.788462	1	2	2	946	0.72	0.72	1	2	2	946	NA	NA	0	1	2	2	946	0.72	0.0	0.0	0.0	100.0	0.0	0.0	0	dsDNAphage	linear	NODE_6634_length_1043_cov_2.788462||full	0.72	dsDNAphage
NODE_6548_length_1047_cov_1.793347	1	3	2	1046	0.893	0.893	1	3	2	1046	NA	NA	0	1	3	2	1046	0.893	0.0	0.0	0.0	33.3	0.0	66.7	0	dsDNAphage	linear	NODE_6548_length_1047_cov_1.793347||full	0.893	dsDNAphage
NODE_6543_length_1047_cov_2.771169	1	2	35	1024	1.0	1.0	1	2	35	1024	NA	NA	0	1	2	35	1024	1.0	0.0	0.0	0.0	100.0	0.0	0.0	0	ssDNA	linear	NODE_6543_length_1047_cov_2.771169||full	1.0	ssDNA
NODE_6517_length_1048_cov_2.368580	1	3	2	1046	0.62	0.62	1	3	2	1046	NA	NA	0	1	3	2	1046	0.62	0.0	33.3	0.0	66.7	0.0	0.0	0	dsDNAphage	linear	NODE_6517_length_1048_cov_2.368580||full	0.62	dsDNAphage
NODE_6506_length_1049_cov_1.654930	1	3	3	1047	0.707	0.707	1	3	3	1047	NA	NA	0	1	3	3	1047	0.707	0.0	0.0	0.0	33.3	0.0	66.7	0	dsDNAphage	linear	NODE_6506_length_1049_cov_1.654930||full	0.707	dsDNAphage
NODE_6434_length_1052_cov_1.659980	1	3	3	1052	0.967	0.967	1	3	3	1052	NA	NA	0	1	3	3	1052	0.967	0.0	0.0	0.0	33.3	0.0	66.7	0	ssDNA	linear	NODE_6434_length_1052_cov_1.659980||full	0.967	ssDNA
NODE_6314_length_1057_cov_1.453094	1	2	76	1055	0.993	0.993	1	2	76	1055	NA	NA	0	1	2	76	1055	0.993	0.0	0.0	0.0	50.0	0.0	50.0	0	ssDNA	linear	NODE_6314_length_1057_cov_1.453094||full	0.993	ssDNA
NODE_6181_length_1063_cov_2.081349	1	3	1	1063	0.58	0.58	1	3	1	1063	NA	NA	0	1	3	1	1063	0.58	0.0	0.0	0.0	33.3	33.3	33.3	0	dsDNAphage	linear	NODE_6181_length_1063_cov_2.081349||full	0.58	dsDNAphage
NODE_6159_length_1064_cov_1.794846	1	2	216	1064	0.96	0.96	1	2	216	1064	NA	NA	0	1	2	216	1064	0.96	0.0	0.0	0.0	50.0	0.0	50.0	0	ssDNA	linear	NODE_6159_length_1064_cov_1.794846||full	0.96	ssDNA
NODE_6113_length_1067_cov_1.217391	1	2	83	1067	0.98	0.98	1	2	83	1067	NA	NA	0	1	2	83	1067	0.98	0.0	0.0	0.0	100.0	0.0	0.0	0	ssDNA	linear	NODE_6113_length_1067_cov_1.217391||full	0.98	ssDNA
NODE_6108_length_1067_cov_1.442688	1	3	1	1067	0.893	0.893	1	3	1	1067	NA	NA	0	1	3	1	1067	0.893	0.0	0.0	0.0	33.3	0.0	66.7	0	ssDNA	linear	NODE_6108_length_1067_cov_1.442688||full	0.893	ssDNA
NODE_6081_length_1068_cov_0.989141	1	3	3	1067	0.86	0.86	1	3	3	1067	NA	NA	0	1	3	3	1067	0.86	0.0	0.0	0.0	33.3	0.0	66.7	0	ssDNA	linear	NODE_6081_length_1068_cov_0.989141||full	0.86	ssDNA
NODE_6078_length_1068_cov_1.354393	1	3	3	1067	0.987	0.987	1	3	3	1067	NA	NA	0	1	3	3	1067	0.987	0.0	0.0	0.0	66.7	0.0	33.3	0	ssDNA	linear	NODE_6078_length_1068_cov_1.354393||full	0.987	ssDNA
NODE_6077_length_1068_cov_1.394867	1	2	3	1054	0.98	0.98	1	2	3	1054	NA	NA	0	1	2	3	1054	0.98	0.0	0.0	0.0	50.0	0.0	50.0	0	ssDNA	linear	NODE_6077_length_1068_cov_1.394867||full	0.98	ssDNA
NODE_6033_length_1070_cov_2.328079	1	3	1	1068	0.547	0.547	1	3	1	1068	NA	NA	0	1	3	1	1068	0.547	0.0	0.0	0.0	33.3	33.3	33.3	0	dsDNAphage	linear	NODE_6033_length_1070_cov_2.328079||full	0.547	dsDNAphage
NODE_5920_length_1076_cov_1.595495	1	3	1	1075	0.56	0.56	1	3	1	1075	NA	NA	0	1	3	1	1075	0.56	0.0	0.0	0.0	33.3	0.0	66.7	0	dsDNAphage	linear	NODE_5920_length_1076_cov_1.595495||full	0.56	dsDNAphage
NODE_5912_length_1076_cov_3.395690	1	4	1	1074	0.813	0.813	1	4	1	1074	NA	NA	0	1	4	1	1074	0.813	0.0	0.0	0.0	50.0	0.0	50.0	0	dsDNAphage	linear	NODE_5912_length_1076_cov_3.395690||full	0.813	dsDNAphage
NODE_5908_length_1077_cov_1.268102	1	4	3	1076	0.98	0.98	1	4	3	1076	NA	NA	0	1	4	3	1076	0.98	0.0	0.0	0.0	50.0	0.0	50.0	0	ssDNA	linear	NODE_5908_length_1077_cov_1.268102||full	0.98	ssDNA
NODE_58_length_3895_cov_2.256771	1	4	1	3894	0.507	0.507	1	4	1	3894	NA	NA	0	1	4	1	3894	0.507	0.0	0.0	0.0	25.0	0.0	75.0	0	dsDNAphage	linear	NODE_58_length_3895_cov_2.256771||full	0.507	dsDNAphage
NODE_5848_length_1079_cov_2.680664	1	5	2	1078	0.993	0.993	1	5	2	1078	NA	NA	0	1	5	2	1078	0.993	0.0	0.0	0.0	40.0	0.0	60.0	0	ssDNA	linear	NODE_5848_length_1079_cov_2.680664||full	0.993	ssDNA
NODE_583_length_2059_cov_2.571856	1	4	3	2059	0.513	0.513	1	4	3	2059	NA	NA	0	1	4	3	2059	0.513	0.0	25.0	0.0	50.0	0.0	25.0	0	dsDNAphage	linear	NODE_583_length_2059_cov_2.571856||full	0.513	dsDNAphage
NODE_5826_length_1080_cov_2.183415	1	2	3	821	0.987	0.987	1	2	3	821	NA	NA	0	1	2	3	821	0.987	0.0	0.0	0.0	50.0	0.0	50.0	0	ssDNA	linear	NODE_5826_length_1080_cov_2.183415||full	0.987	ssDNA
NODE_57_length_3898_cov_4.072860	1	9	1	3896	0.907	0.907	1	9	1	3896	NA	NA	0	1	9	1	3896	0.907	0.0	0.0	0.0	22.2	0.0	77.8	0	dsDNAphage	linear	NODE_57_length_3898_cov_4.072860||full	0.907	dsDNAphage
NODE_5795_length_1082_cov_1.383642	1	3	62	1082	0.987	0.987	1	3	62	1082	NA	NA	0	1	3	62	1082	0.987	0.0	0.0	0.0	100.0	0.0	0.0	0	dsDNAphage	linear	NODE_5795_length_1082_cov_1.383642||full	0.987	dsDNAphage
NODE_5770_length_1083_cov_1.194553	1	3	53	1082	0.56	0.56	1	3	53	1082	NA	NA	0	1	3	53	1082	0.56	0.0	0.0	0.0	33.3	66.7	0.0	0	dsDNAphage	linear	NODE_5770_length_1083_cov_1.194553||full	0.56	dsDNAphage
NODE_576_length_2064_cov_5.321553	1	5	51	2063	0.793	0.793	1	5	51	2063	NA	NA	0	1	5	51	2063	0.793	0.0	0.0	0.0	60.0	0.0	40.0	0	dsDNAphage	linear	NODE_576_length_2064_cov_5.321553||full	0.793	dsDNAphage
NODE_5712_length_1086_cov_1.091174	1	2	650	1086	0.967	0.967	1	2	650	1086	NA	NA	0	1	2	650	1086	0.967	0.0	0.0	0.0	50.0	0.0	50.0	1	dsDNAphage	linear	NODE_5712_length_1086_cov_1.091174||full	0.967	dsDNAphage
NODE_5707_length_1086_cov_1.526673	1	2	1	958	0.88	0.88	1	2	1	958	NA	NA	0	1	2	1	958	0.88	0.0	0.0	0.0	50.0	0.0	50.0	0	ssDNA	linear	NODE_5707_length_1086_cov_1.526673||full	0.88	ssDNA
NODE_5644_length_1089_cov_1.836557	1	4	3	1088	0.953	0.953	1	4	3	1088	NA	NA	0	1	4	3	1088	0.953	0.0	0.0	0.0	25.0	0.0	75.0	0	dsDNAphage	linear	NODE_5644_length_1089_cov_1.836557||full	0.953	dsDNAphage
NODE_5620_length_1090_cov_3.798068	1	3	1	1088	0.853	0.853	1	3	1	1088	NA	NA	0	1	3	1	1088	0.853	0.0	0.0	0.0	33.3	0.0	66.7	0	ssDNA	linear	NODE_5620_length_1090_cov_3.798068||full	0.853	ssDNA
NODE_5589_length_1092_cov_3.345227	1	2	61	1091	1.0	1.0	1	2	61	1091	NA	NA	0	1	2	61	1091	1.0	0.0	0.0	0.0	50.0	0.0	50.0	0	ssDNA	linear	NODE_5589_length_1092_cov_3.345227||full	1.0	ssDNA
NODE_5584_length_1093_cov_1.033719	1	3	1	1091	0.68	0.68	1	3	1	1091	NA	NA	0	1	3	1	1091	0.68	0.0	0.0	0.0	33.3	0.0	66.7	0	dsDNAphage	linear	NODE_5584_length_1093_cov_1.033719||full	0.68	dsDNAphage
NODE_5541_length_1094_cov_2.295476	1	2	286	1077	0.967	0.967	1	2	286	1077	NA	NA	0	1	2	286	1077	0.967	0.0	0.0	0.0	100.0	0.0	0.0	0	dsDNAphage	linear	NODE_5541_length_1094_cov_2.295476||full	0.967	dsDNAphage
NODE_5520_length_1095_cov_2.993269	1	2	2	1002	0.54	0.54	1	2	2	1002	NA	NA	0	1	2	2	1002	0.54	0.0	0.0	0.0	50.0	0.0	50.0	0	dsDNAphage	linear	NODE_5520_length_1095_cov_2.993269||full	0.54	dsDNAphage
NODE_5456_length_1099_cov_1.512452	1	2	1	942	0.507	0.507	1	2	1	942	NA	NA	0	1	2	1	942	0.507	0.0	0.0	0.0	50.0	50.0	0.0	1	dsDNAphage	linear	NODE_5456_length_1099_cov_1.512452||full	0.507	dsDNAphage
NODE_5430_length_1101_cov_1.511472	1	2	1	905	0.96	0.96	1	2	1	905	NA	NA	0	1	2	1	905	0.96	0.0	0.0	0.0	50.0	0.0	50.0	0	ssDNA	linear	NODE_5430_length_1101_cov_1.511472||full	0.96	ssDNA
NODE_5394_length_1103_cov_1.584924	1	2	2	1056	0.687	0.687	1	2	2	1056	NA	NA	0	1	2	2	1056	0.687	0.0	0.0	0.0	50.0	0.0	50.0	0	dsDNAphage	linear	NODE_5394_length_1103_cov_1.584924||full	0.687	dsDNAphage
NODE_5382_length_1104_cov_1.022879	1	3	3	1103	0.573	0.573	1	3	3	1103	NA	NA	0	1	3	3	1103	0.573	0.0	0.0	0.0	33.3	33.3	33.3	0	dsDNAphage	linear	NODE_5382_length_1104_cov_1.022879||full	0.573	dsDNAphage
NODE_533_length_2107_cov_2.312378	1	3	2	1989	0.533	0.533	1	3	2	1989	NA	NA	0	1	3	2	1989	0.533	0.0	33.3	0.0	66.7	0.0	0.0	0	dsDNAphage	linear	NODE_533_length_2107_cov_2.312378||full	0.533	dsDNAphage
NODE_526_length_2115_cov_3.394660	1	5	3	2113	0.993	0.993	1	5	3	2113	NA	NA	0	1	5	3	2113	0.993	0.0	0.0	0.0	80.0	0.0	20.0	1	dsDNAphage	linear	NODE_526_length_2115_cov_3.394660||full	0.993	dsDNAphage
NODE_520_length_2121_cov_2.014037	1	5	3	2120	0.833	0.833	1	5	3	2120	NA	NA	0	1	5	3	2120	0.833	0.0	0.0	0.0	20.0	0.0	80.0	0	dsDNAphage	linear	NODE_520_length_2121_cov_2.014037||full	0.833	dsDNAphage
NODE_5205_length_1114_cov_2.345609	1	3	2	1112	0.82	0.82	1	3	2	1112	NA	NA	0	1	3	2	1112	0.82	0.0	0.0	0.0	33.3	0.0	66.7	0	ssDNA	linear	NODE_5205_length_1114_cov_2.345609||full	0.82	ssDNA
NODE_5159_length_1117_cov_3.936911	1	2	117	1117	0.8	0.8	1	2	117	1117	NA	NA	0	1	2	117	1117	0.8	0.0	0.0	0.0	100.0	0.0	0.0	0	ssDNA	linear	NODE_5159_length_1117_cov_3.936911||full	0.8	ssDNA
NODE_5152_length_1118_cov_1.653810	1	2	111	1116	0.847	0.847	1	2	111	1116	NA	NA	0	1	2	111	1116	0.847	0.0	0.0	0.0	50.0	0.0	50.0	0	ssDNA	linear	NODE_5152_length_1118_cov_1.653810||full	0.847	ssDNA
NODE_5024_length_1127_cov_1.245336	1	2	160	1126	0.62	0.62	1	2	160	1126	NA	NA	0	1	2	160	1126	0.62	0.0	0.0	0.0	50.0	0.0	50.0	0	dsDNAphage	linear	NODE_5024_length_1127_cov_1.245336||full	0.62	dsDNAphage
NODE_4939_length_1132_cov_1.756732	1	3	2	1130	0.867	0.867	1	3	2	1130	NA	NA	0	1	3	2	1130	0.867	0.0	0.0	0.0	66.7	0.0	33.3	0	ssDNA	linear	NODE_4939_length_1132_cov_1.756732||full	0.867	ssDNA
NODE_4870_length_1137_cov_1.569316	1	3	1	1137	0.993	0.993	1	3	1	1137	NA	NA	0	1	3	1	1137	0.993	0.0	0.0	0.0	33.3	0.0	66.7	0	ssDNA	linear	NODE_4870_length_1137_cov_1.569316||full	0.993	ssDNA
NODE_4866_length_1137_cov_1.772643	1	2	40	1136	0.553	0.553	1	2	40	1136	NA	NA	0	1	2	40	1136	0.553	0.0	0.0	0.0	50.0	0.0	50.0	0	dsDNAphage	linear	NODE_4866_length_1137_cov_1.772643||full	0.553	dsDNAphage
NODE_4850_length_1138_cov_1.734995	1	3	2	1137	0.887	0.887	1	3	2	1137	NA	NA	0	1	3	2	1137	0.887	0.0	0.0	0.0	66.7	0.0	33.3	0	dsDNAphage	linear	NODE_4850_length_1138_cov_1.734995||full	0.887	dsDNAphage
NODE_4775_length_1144_cov_1.348026	1	2	54	1142	1.0	1.0	1	2	54	1142	NA	NA	0	1	2	54	1142	1.0	0.0	0.0	0.0	100.0	0.0	0.0	0	ssDNA	linear	NODE_4775_length_1144_cov_1.348026||full	1.0	ssDNA
NODE_4771_length_1144_cov_1.549128	1	3	237	1144	0.873	0.873	1	3	237	1144	NA	NA	0	1	3	237	1144	0.873	0.0	0.0	0.0	66.7	0.0	33.3	0	dsDNAphage	linear	NODE_4771_length_1144_cov_1.549128||full	0.873	dsDNAphage
NODE_4755_length_1145_cov_1.601835	1	3	3	1145	1.0	1.0	1	3	3	1145	NA	NA	0	1	3	3	1145	1.0	0.0	0.0	0.0	100.0	0.0	0.0	1	dsDNAphage	linear	NODE_4755_length_1145_cov_1.601835||full	1.0	dsDNAphage
NODE_4713_length_1148_cov_1.370540	1	3	2	1148	0.853	0.853	1	3	2	1148	NA	NA	0	1	3	2	1148	0.853	0.0	0.0	0.0	66.7	0.0	33.3	0	ssDNA	linear	NODE_4713_length_1148_cov_1.370540||full	0.853	ssDNA
NODE_4663_length_1151_cov_1.449818	1	3	3	1151	0.907	0.907	1	3	3	1151	NA	NA	0	1	3	3	1151	0.907	0.0	0.0	0.0	33.3	0.0	66.7	0	ssDNA	linear	NODE_4663_length_1151_cov_1.449818||full	0.907	ssDNA
NODE_4578_length_1156_cov_3.778383	1	2	29	1155	0.98	0.98	1	2	29	1155	NA	NA	0	1	2	29	1155	0.98	0.0	0.0	0.0	50.0	0.0	50.0	0	ssDNA	linear	NODE_4578_length_1156_cov_3.778383||full	0.98	ssDNA
NODE_4574_length_1157_cov_1.489111	1	3	2	1155	0.76	0.76	1	3	2	1155	NA	NA	0	1	3	2	1155	0.76	0.0	0.0	0.0	33.3	0.0	66.7	0	dsDNAphage	linear	NODE_4574_length_1157_cov_1.489111||full	0.76	dsDNAphage
NODE_4533_length_1160_cov_1.214480	1	4	2	1159	0.88	0.88	1	4	2	1159	NA	NA	0	1	4	2	1159	0.88	0.0	0.0	0.0	50.0	0.0	50.0	0	dsDNAphage	linear	NODE_4533_length_1160_cov_1.214480||full	0.88	dsDNAphage
NODE_4478_length_1163_cov_3.801444	1	2	1	1041	0.98	0.98	1	2	1	1041	NA	NA	0	1	2	1	1041	0.98	0.0	0.0	0.0	100.0	0.0	0.0	0	ssDNA	linear	NODE_4478_length_1163_cov_3.801444||full	0.98	ssDNA
NODE_444_length_2240_cov_4.177117	1	3	3	2239	0.973	0.973	1	3	3	2239	NA	NA	0	1	3	3	2239	0.973	0.0	0.0	0.0	33.3	0.0	66.7	0	ssDNA	linear	NODE_444_length_2240_cov_4.177117||full	0.973	ssDNA
NODE_4373_length_1171_cov_1.558244	1	2	43	1171	0.76	0.76	1	2	43	1171	NA	NA	0	1	2	43	1171	0.76	0.0	0.0	0.0	50.0	0.0	50.0	0	ssDNA	linear	NODE_4373_length_1171_cov_1.558244||full	0.76	ssDNA
NODE_4365_length_1171_cov_2.240143	1	2	2	1002	0.86	0.86	1	2	2	1002	NA	NA	0	1	2	2	1002	0.86	0.0	0.0	0.0	50.0	0.0	50.0	0	ssDNA	linear	NODE_4365_length_1171_cov_2.240143||full	0.86	ssDNA
NODE_4361_length_1171_cov_2.677419	1	2	1	1130	0.973	0.973	1	2	1	1130	NA	NA	0	1	2	1	1130	0.973	0.0	0.0	0.0	50.0	0.0	50.0	0	ssDNA	linear	NODE_4361_length_1171_cov_2.677419||full	0.973	ssDNA
NODE_4354_length_1172_cov_1.880931	1	4	1	1172	0.993	0.993	1	4	1	1172	NA	NA	0	1	4	1	1172	0.993	0.0	0.0	0.0	75.0	0.0	25.0	0	ssDNA	linear	NODE_4354_length_1172_cov_1.880931||full	0.993	ssDNA
NODE_4277_length_1178_cov_1.243099	1	2	60	797	0.98	0.98	1	2	60	797	NA	NA	0	1	2	60	797	0.98	0.0	0.0	0.0	50.0	0.0	50.0	0	ssDNA	linear	NODE_4277_length_1178_cov_1.243099||full	0.98	ssDNA
NODE_4227_length_1180_cov_3.141333	1	3	68	1030	0.86	0.86	1	3	68	1030	NA	NA	0	1	3	68	1030	0.86	0.0	0.0	0.0	33.3	33.3	33.3	1	dsDNAphage	linear	NODE_4227_length_1180_cov_3.141333||full	0.86	dsDNAphage
NODE_421_length_2281_cov_3.306379	1	2	81	2281	0.613	0.613	1	2	81	2281	NA	NA	0	1	2	81	2281	0.613	0.0	0.0	0.0	50.0	0.0	50.0	0	ssDNA	linear	NODE_421_length_2281_cov_3.306379||full	0.613	ssDNA
NODE_4205_length_1182_cov_1.604259	1	3	1	1181	0.847	0.847	1	3	1	1181	NA	NA	0	1	3	1	1181	0.847	0.0	0.0	0.0	33.3	0.0	66.7	0	dsDNAphage	linear	NODE_4205_length_1182_cov_1.604259||full	0.847	dsDNAphage
NODE_4178_length_1184_cov_1.625332	1	3	3	1182	0.827	0.827	1	3	3	1182	NA	NA	0	1	3	3	1182	0.827	0.0	0.0	0.0	33.3	0.0	66.7	0	ssDNA	linear	NODE_4178_length_1184_cov_1.625332||full	0.827	ssDNA
NODE_4168_length_1184_cov_3.765279	1	3	2	1183	0.553	0.553	1	3	2	1183	NA	NA	0	1	3	2	1183	0.553	0.0	0.0	0.0	33.3	0.0	66.7	0	dsDNAphage	linear	NODE_4168_length_1184_cov_3.765279||full	0.553	dsDNAphage
NODE_415_length_2297_cov_3.311775	1	4	17	2295	0.927	0.927	1	4	17	2295	NA	NA	0	1	4	17	2295	0.927	0.0	0.0	0.0	50.0	0.0	50.0	0	ssDNA	linear	NODE_415_length_2297_cov_3.311775||full	0.927	ssDNA
NODE_412_length_2300_cov_6.779955	1	3	3	2300	0.853	0.853	1	3	3	2300	NA	NA	0	1	3	3	2300	0.853	0.0	0.0	0.0	33.3	0.0	66.7	0	ssDNA	linear	NODE_412_length_2300_cov_6.779955||full	0.853	ssDNA
NODE_4125_length_1188_cov_1.843778	1	2	1	1058	0.973	0.973	1	2	1	1058	NA	NA	0	1	2	1	1058	0.973	0.0	0.0	0.0	100.0	0.0	0.0	0	ssDNA	linear	NODE_4125_length_1188_cov_1.843778||full	0.973	ssDNA
NODE_4073_length_1193_cov_1.251318	1	3	3	1193	0.567	0.567	1	3	3	1193	NA	NA	0	1	3	3	1193	0.567	0.0	0.0	0.0	33.3	0.0	66.7	0	ssDNA	linear	NODE_4073_length_1193_cov_1.251318||full	0.567	ssDNA
NODE_406_length_2312_cov_3.614976	1	3	1	2015	0.98	0.98	1	3	1	2015	NA	NA	0	1	3	1	2015	0.98	0.0	0.0	0.0	66.7	0.0	33.3	0	ssDNA	linear	NODE_406_length_2312_cov_3.614976||full	0.98	ssDNA
NODE_4032_length_1196_cov_1.359334	1	3	3	1176	0.993	0.993	1	3	3	1176	NA	NA	0	1	3	3	1176	0.993	0.0	0.0	0.0	100.0	0.0	0.0	0	ssDNA	linear	NODE_4032_length_1196_cov_1.359334||full	0.993	ssDNA
NODE_3994_length_1198_cov_3.377078	1	3	1	1196	0.893	0.893	1	3	1	1196	NA	NA	0	1	3	1	1196	0.893	0.0	0.0	0.0	66.7	33.3	0.0	0	dsDNAphage	linear	NODE_3994_length_1198_cov_3.377078||full	0.893	dsDNAphage
NODE_3919_length_1204_cov_2.177546	1	2	57	1202	0.9	0.9	1	2	57	1202	NA	NA	0	1	2	57	1202	0.9	0.0	0.0	0.0	50.0	0.0	50.0	0	ssDNA	linear	NODE_3919_length_1204_cov_2.177546||full	0.9	ssDNA
NODE_3900_length_1207_cov_1.001736	1	3	3	1207	0.527	0.527	1	3	3	1207	NA	NA	0	1	3	3	1207	0.527	0.0	33.3	0.0	66.7	0.0	0.0	0	dsDNAphage	linear	NODE_3900_length_1207_cov_1.001736||full	0.527	dsDNAphage
NODE_383_length_2359_cov_1.778646	1	4	2	2358	0.533	0.533	1	4	2	2358	NA	NA	0	1	4	2	2358	0.533	0.0	0.0	0.0	50.0	25.0	25.0	0	dsDNAphage	linear	NODE_383_length_2359_cov_1.778646||full	0.533	dsDNAphage
NODE_3829_length_1212_cov_1.896283	1	3	2	1212	0.54	0.54	1	3	2	1212	NA	NA	0	1	3	2	1212	0.54	0.0	0.0	0.0	33.3	33.3	33.3	0	dsDNAphage	linear	NODE_3829_length_1212_cov_1.896283||full	0.54	dsDNAphage
NODE_3816_length_1213_cov_2.552677	1	2	1	1133	0.653	0.653	1	2	1	1133	NA	NA	0	1	2	1	1133	0.653	0.0	0.0	0.0	50.0	0.0	50.0	0	ssDNA	linear	NODE_3816_length_1213_cov_2.552677||full	0.653	ssDNA
NODE_3813_length_1213_cov_2.879965	1	2	12	1211	0.553	0.553	1	2	12	1211	NA	NA	0	1	2	12	1211	0.553	0.0	0.0	0.0	50.0	0.0	50.0	0	dsDNAphage	linear	NODE_3813_length_1213_cov_2.879965||full	0.553	dsDNAphage
NODE_3746_length_1219_cov_4.390893	1	2	66	1218	0.987	0.987	1	2	66	1218	NA	NA	0	1	2	66	1218	0.987	0.0	0.0	0.0	50.0	0.0	50.0	0	ssDNA	linear	NODE_3746_length_1219_cov_4.390893||full	0.987	ssDNA
NODE_3733_length_1220_cov_2.378541	1	3	36	1218	0.907	0.907	1	3	36	1218	NA	NA	0	1	3	36	1218	0.907	0.0	0.0	0.0	33.3	0.0	66.7	0	ssDNA	linear	NODE_3733_length_1220_cov_2.378541||full	0.907	ssDNA
NODE_3630_length_1228_cov_3.129582	1	2	3	784	0.94	0.94	1	2	3	784	NA	NA	0	1	2	3	784	0.94	0.0	0.0	0.0	50.0	0.0	50.0	0	ssDNA	linear	NODE_3630_length_1228_cov_3.129582||full	0.94	ssDNA
NODE_359_length_2408_cov_3.586910	1	3	3	2332	0.947	0.947	1	3	3	2332	NA	NA	0	1	3	3	2332	0.947	0.0	0.0	0.0	66.7	0.0	33.3	0	ssDNA	linear	NODE_359_length_2408_cov_3.586910||full	0.947	ssDNA
NODE_3581_length_1232_cov_2.187766	1	3	3	1184	0.547	0.547	1	3	3	1184	NA	NA	0	1	3	3	1184	0.547	0.0	0.0	0.0	33.3	0.0	66.7	0	dsDNAphage	linear	NODE_3581_length_1232_cov_2.187766||full	0.547	dsDNAphage
NODE_3538_length_1236_cov_2.240474	1	3	2	1234	0.653	0.653	1	3	2	1234	NA	NA	0	1	3	2	1234	0.653	0.0	0.0	0.0	33.3	0.0	66.7	0	dsDNAphage	linear	NODE_3538_length_1236_cov_2.240474||full	0.653	dsDNAphage
NODE_3501_length_1240_cov_1.274262	1	3	1	1240	0.693	0.693	1	3	1	1240	NA	NA	0	1	3	1	1240	0.693	0.0	0.0	0.0	33.3	0.0	66.7	0	dsDNAphage	linear	NODE_3501_length_1240_cov_1.274262||full	0.693	dsDNAphage
NODE_3414_length_1249_cov_1.664154	1	2	3	1161	1.0	1.0	1	2	3	1161	NA	NA	0	1	2	3	1161	1.0	0.0	0.0	0.0	100.0	0.0	0.0	0	ssDNA	linear	NODE_3414_length_1249_cov_1.664154||full	1.0	ssDNA
NODE_3379_length_1253_cov_1.370618	1	2	69	971	0.927	0.927	1	2	69	971	NA	NA	0	1	2	69	971	0.927	0.0	0.0	0.0	100.0	0.0	0.0	0	dsDNAphage	linear	NODE_3379_length_1253_cov_1.370618||full	0.927	dsDNAphage
NODE_3356_length_1255_cov_1.310000	1	2	140	1253	1.0	1.0	1	2	140	1253	NA	NA	0	1	2	140	1253	1.0	0.0	0.0	0.0	50.0	0.0	50.0	0	ssDNA	linear	NODE_3356_length_1255_cov_1.310000||full	1.0	ssDNA
NODE_3333_length_1256_cov_3.442964	1	2	39	1254	1.0	1.0	1	2	39	1254	NA	NA	0	1	2	39	1254	1.0	0.0	0.0	0.0	50.0	0.0	50.0	0	ssDNA	linear	NODE_3333_length_1256_cov_3.442964||full	1.0	ssDNA
NODE_3316_length_1259_cov_1.298173	1	2	3	1116	0.567	0.567	1	2	3	1116	NA	NA	0	1	2	3	1116	0.567	0.0	0.0	0.0	50.0	0.0	50.0	0	dsDNAphage	linear	NODE_3316_length_1259_cov_1.298173||full	0.567	dsDNAphage
NODE_3291_length_1261_cov_5.129353	1	2	2	1221	0.967	0.967	1	2	2	1221	NA	NA	0	1	2	2	1221	0.967	0.0	0.0	0.0	50.0	0.0	50.0	0	ssDNA	linear	NODE_3291_length_1261_cov_5.129353||full	0.967	ssDNA
NODE_3271_length_1264_cov_1.328371	1	2	140	1263	0.98	0.98	1	2	140	1263	NA	NA	0	1	2	140	1263	0.98	0.0	0.0	0.0	50.0	0.0	50.0	0	ssDNA	linear	NODE_3271_length_1264_cov_1.328371||full	0.98	ssDNA
NODE_3241_length_1267_cov_2.410066	1	3	2	1265	0.907	0.907	1	3	2	1265	NA	NA	0	1	3	2	1265	0.907	0.0	0.0	0.0	66.7	0.0	33.3	1	dsDNAphage	linear	NODE_3241_length_1267_cov_2.410066||full	0.907	dsDNAphage
NODE_3222_length_1269_cov_1.237232	1	2	7	1267	0.907	0.907	1	2	7	1267	NA	NA	0	1	2	7	1267	0.907	0.0	0.0	0.0	50.0	0.0	50.0	0	ssDNA	linear	NODE_3222_length_1269_cov_1.237232||full	0.907	ssDNA
NODE_3209_length_1270_cov_1.696296	1	2	1	1053	1.0	1.0	1	2	1	1053	NA	NA	0	1	2	1	1053	1.0	0.0	0.0	0.0	100.0	0.0	0.0	0	ssDNA	linear	NODE_3209_length_1270_cov_1.696296||full	1.0	ssDNA
NODE_3124_length_1281_cov_1.168026	1	3	1	1281	0.687	0.687	1	3	1	1281	NA	NA	0	1	3	1	1281	0.687	0.0	0.0	0.0	33.3	33.3	33.3	0	dsDNAphage	linear	NODE_3124_length_1281_cov_1.168026||full	0.687	dsDNAphage
NODE_3007_length_1294_cov_1.748991	1	2	2	1218	0.613	0.613	1	2	2	1218	NA	NA	0	1	2	2	1218	0.613	0.0	0.0	0.0	50.0	0.0	50.0	0	dsDNAphage	linear	NODE_3007_length_1294_cov_1.748991||full	0.613	dsDNAphage
NODE_2982_length_1297_cov_1.221417	1	2	3	1163	0.993	0.993	1	2	3	1163	NA	NA	0	1	2	3	1163	0.993	0.0	0.0	0.0	50.0	0.0	50.0	0	ssDNA	linear	NODE_2982_length_1297_cov_1.221417||full	0.993	ssDNA
NODE_2981_length_1297_cov_1.403382	1	3	3	1296	0.973	0.973	1	3	3	1296	NA	NA	0	1	3	3	1296	0.973	0.0	0.0	0.0	33.3	0.0	66.7	0	ssDNA	linear	NODE_2981_length_1297_cov_1.403382||full	0.973	ssDNA
NODE_2969_length_1298_cov_2.176187	1	3	1	1296	0.527	0.527	1	3	1	1296	NA	NA	0	1	3	1	1296	0.527	0.0	0.0	0.0	33.3	0.0	66.7	0	dsDNAphage	linear	NODE_2969_length_1298_cov_2.176187||full	0.527	dsDNAphage
NODE_2926_length_1303_cov_1.918269	1	2	104	1301	0.853	0.853	1	2	104	1301	NA	NA	0	1	2	104	1301	0.853	0.0	0.0	0.0	50.0	0.0	50.0	0	ssDNA	linear	NODE_2926_length_1303_cov_1.918269||full	0.853	ssDNA
NODE_2908_length_1305_cov_1.920000	1	2	1	1131	0.687	0.687	1	2	1	1131	NA	NA	0	1	2	1	1131	0.687	0.0	0.0	0.0	50.0	0.0	50.0	0	dsDNAphage	linear	NODE_2908_length_1305_cov_1.920000||full	0.687	dsDNAphage
NODE_2886_length_1308_cov_2.083799	1	2	237	1306	0.94	0.94	1	2	237	1306	NA	NA	0	1	2	237	1306	0.94	0.0	0.0	0.0	50.0	0.0	50.0	0	ssDNA	linear	NODE_2886_length_1308_cov_2.083799||full	0.94	ssDNA
NODE_2880_length_1308_cov_4.529130	1	3	2	1260	0.913	0.913	1	3	2	1260	NA	NA	0	1	3	2	1260	0.913	0.0	0.0	0.0	66.7	0.0	33.3	0	ssDNA	linear	NODE_2880_length_1308_cov_4.529130||full	0.913	ssDNA
NODE_2847_length_1312_cov_2.119332	1	3	67	1311	0.987	0.987	1	3	67	1311	NA	NA	0	1	3	67	1311	0.987	0.0	0.0	0.0	33.3	0.0	66.7	1	dsDNAphage	linear	NODE_2847_length_1312_cov_2.119332||full	0.987	dsDNAphage
NODE_2829_length_1314_cov_2.148531	1	3	3	1314	0.66	0.66	1	3	3	1314	NA	NA	0	1	3	3	1314	0.66	0.0	0.0	0.0	33.3	0.0	66.7	0	dsDNAphage	linear	NODE_2829_length_1314_cov_2.148531||full	0.66	dsDNAphage
NODE_2813_length_1315_cov_5.635714	1	2	4	1315	0.94	0.94	1	2	4	1315	NA	NA	0	1	2	4	1315	0.94	0.0	0.0	0.0	50.0	0.0	50.0	0	ssDNA	linear	NODE_2813_length_1315_cov_5.635714||full	0.94	ssDNA
NODE_2796_length_1317_cov_3.618859	1	5	3	1317	0.733	0.733	1	5	3	1317	NA	NA	0	1	5	3	1317	0.733	0.0	0.0	0.0	20.0	0.0	80.0	0	ssDNA	linear	NODE_2796_length_1317_cov_3.618859||full	0.733	ssDNA
NODE_2782_length_1319_cov_2.150316	1	3	210	1241	0.973	0.973	1	3	210	1241	NA	NA	0	1	3	210	1241	0.973	0.0	0.0	0.0	33.3	0.0	66.7	0	dsDNAphage	linear	NODE_2782_length_1319_cov_2.150316||full	0.973	dsDNAphage
NODE_2731_length_1326_cov_1.973249	1	2	297	1325	0.993	0.993	1	2	297	1325	NA	NA	0	1	2	297	1325	0.993	0.0	0.0	0.0	100.0	0.0	0.0	0	ssDNA	linear	NODE_2731_length_1326_cov_1.973249||full	0.993	ssDNA
NODE_2709_length_1330_cov_1.556863	1	3	1	1328	0.593	0.593	1	3	1	1328	NA	NA	0	1	3	1	1328	0.593	0.0	0.0	0.0	33.3	0.0	66.7	0	dsDNAphage	linear	NODE_2709_length_1330_cov_1.556863||full	0.593	dsDNAphage
NODE_2708_length_1330_cov_2.379608	1	2	3	868	0.993	0.993	1	2	3	868	NA	NA	0	1	2	3	868	0.993	0.0	0.0	0.0	100.0	0.0	0.0	0	ssDNA	linear	NODE_2708_length_1330_cov_2.379608||full	0.993	ssDNA
NODE_26_length_4438_cov_7.225416	1	6	3	3671	0.567	0.567	1	6	3	3671	NA	NA	0	1	6	3	3671	0.567	0.0	0.0	0.0	50.0	16.7	33.3	0	dsDNAphage	linear	NODE_26_length_4438_cov_7.225416||full	0.567	dsDNAphage
NODE_2698_length_1332_cov_1.432263	1	3	2	1330	0.62	0.62	1	3	2	1330	NA	NA	0	1	3	2	1330	0.62	0.0	0.0	0.0	33.3	0.0	66.7	0	ssDNA	linear	NODE_2698_length_1332_cov_1.432263||full	0.62	ssDNA
NODE_2687_length_1333_cov_2.097809	1	2	75	1333	0.933	0.933	1	2	75	1333	NA	NA	0	1	2	75	1333	0.933	0.0	0.0	0.0	50.0	0.0	50.0	0	ssDNA	linear	NODE_2687_length_1333_cov_2.097809||full	0.933	ssDNA
NODE_2660_length_1337_cov_2.110764	1	2	3	1294	0.633	0.633	1	2	3	1294	NA	NA	0	1	2	3	1294	0.633	0.0	0.0	0.0	50.0	0.0	50.0	0	dsDNAphage	linear	NODE_2660_length_1337_cov_2.110764||full	0.633	dsDNAphage
NODE_2644_length_1339_cov_1.728972	1	2	256	1339	0.993	0.993	1	2	256	1339	NA	NA	0	1	2	256	1339	0.993	0.0	0.0	0.0	100.0	0.0	0.0	0	ssDNA	linear	NODE_2644_length_1339_cov_1.728972||full	0.993	ssDNA
NODE_2606_length_1343_cov_1.841615	1	3	2	1343	0.553	0.553	1	3	2	1343	NA	NA	0	1	3	2	1343	0.553	0.0	0.0	0.0	33.3	0.0	66.7	0	dsDNAphage	linear	NODE_2606_length_1343_cov_1.841615||full	0.553	dsDNAphage
NODE_252_length_2656_cov_3.299885	1	3	110	2654	0.533	0.533	1	3	110	2654	NA	NA	0	1	3	110	2654	0.533	0.0	0.0	0.0	33.3	0.0	66.7	0	ssDNA	linear	NODE_252_length_2656_cov_3.299885||full	0.533	ssDNA
NODE_2529_length_1353_cov_3.356703	1	2	24	1351	1.0	1.0	1	2	24	1351	NA	NA	0	1	2	24	1351	1.0	0.0	0.0	0.0	100.0	0.0	0.0	0	ssDNA	linear	NODE_2529_length_1353_cov_3.356703||full	1.0	ssDNA
NODE_24_length_4497_cov_3.800090	1	7	1	4495	0.787	0.787	1	7	1	4495	NA	NA	0	1	7	1	4495	0.787	0.0	14.3	0.0	57.1	14.3	14.3	0	dsDNAphage	linear	NODE_24_length_4497_cov_3.800090||full	0.787	dsDNAphage
NODE_2460_length_1364_cov_2.011459	1	3	2	1364	1.0	1.0	1	3	2	1364	NA	NA	0	1	3	2	1364	1.0	0.0	0.0	0.0	33.3	0.0	66.7	0	ssDNA	linear	NODE_2460_length_1364_cov_2.011459||full	1.0	ssDNA
NODE_245_length_2672_cov_3.768819	1	3	1	2672	0.907	0.907	1	3	1	2672	NA	NA	0	1	3	1	2672	0.907	0.0	0.0	0.0	66.7	0.0	33.3	0	ssDNA	linear	NODE_245_length_2672_cov_3.768819||full	0.907	ssDNA
NODE_2412_length_1372_cov_2.535308	1	2	1	1160	0.987	0.987	1	2	1	1160	NA	NA	0	1	2	1	1160	0.987	0.0	0.0	0.0	50.0	0.0	50.0	0	ssDNA	linear	NODE_2412_length_1372_cov_2.535308||full	0.987	ssDNA
NODE_239_length_2691_cov_3.421093	1	3	59	2691	0.96	0.96	1	3	59	2691	NA	NA	0	1	3	59	2691	0.96	0.0	0.0	0.0	100.0	0.0	0.0	0	ssDNA	linear	NODE_239_length_2691_cov_3.421093||full	0.96	ssDNA
NODE_2397_length_1374_cov_4.510993	1	2	120	1372	0.993	0.993	1	2	120	1372	NA	NA	0	1	2	120	1372	0.993	0.0	0.0	0.0	50.0	0.0	50.0	0	ssDNA	linear	NODE_2397_length_1374_cov_4.510993||full	0.993	ssDNA
NODE_2394_length_1375_cov_1.819697	1	3	409	1374	0.64	0.64	1	3	409	1374	NA	NA	0	1	3	409	1374	0.64	0.0	0.0	0.0	66.7	33.3	0.0	0	dsDNAphage	linear	NODE_2394_length_1375_cov_1.819697||full	0.64	dsDNAphage
NODE_2332_length_1385_cov_3.454887	1	3	2	1383	0.947	0.947	1	3	2	1383	NA	NA	0	1	3	2	1383	0.947	0.0	0.0	0.0	33.3	0.0	66.7	0	ssDNA	linear	NODE_2332_length_1385_cov_3.454887||full	0.947	ssDNA
NODE_2322_length_1388_cov_1.498875	1	4	2	1317	0.96	0.96	1	4	2	1317	NA	NA	0	1	4	2	1317	0.96	0.0	0.0	0.0	75.0	0.0	25.0	2	dsDNAphage	linear	NODE_2322_length_1388_cov_1.498875||full	0.96	dsDNAphage
NODE_22_length_4601_cov_5.459745	1	3	2	4600	0.92	0.92	1	3	2	4600	NA	NA	0	1	3	2	4600	0.92	0.0	0.0	0.0	66.7	0.0	33.3	0	ssDNA	linear	NODE_22_length_4601_cov_5.459745||full	0.92	ssDNA
NODE_2262_length_1398_cov_2.606106	1	3	3	1396	0.88	0.88	1	3	3	1396	NA	NA	0	1	3	3	1396	0.88	0.0	0.0	0.0	66.7	0.0	33.3	0	ssDNA	linear	NODE_2262_length_1398_cov_2.606106||full	0.88	ssDNA
NODE_2259_length_1399_cov_1.097470	1	3	2	1399	1.0	1.0	1	3	2	1399	NA	NA	0	1	3	2	1399	1.0	0.0	0.0	0.0	66.7	0.0	33.3	0	ssDNA	linear	NODE_2259_length_1399_cov_1.097470||full	1.0	ssDNA
NODE_2242_length_1401_cov_8.503715	1	2	81	1336	1.0	1.0	1	2	81	1336	NA	NA	0	1	2	81	1336	1.0	0.0	0.0	0.0	100.0	0.0	0.0	0	ssDNA	linear	NODE_2242_length_1401_cov_8.503715||full	1.0	ssDNA
NODE_2241_length_1402_cov_1.198218	1	2	31	1160	0.927	0.927	1	2	31	1160	NA	NA	0	1	2	31	1160	0.927	0.0	0.0	0.0	50.0	0.0	50.0	0	ssDNA	linear	NODE_2241_length_1402_cov_1.198218||full	0.927	ssDNA
NODE_2203_length_1407_cov_1.278846	1	4	1	1405	0.993	0.993	1	4	1	1405	NA	NA	0	1	4	1	1405	0.993	0.0	0.0	0.0	50.0	0.0	50.0	0	ssDNA	linear	NODE_2203_length_1407_cov_1.278846||full	0.993	ssDNA
NODE_2162_length_1415_cov_3.052206	1	3	3	1414	0.7	0.7	1	3	3	1414	NA	NA	0	1	3	3	1414	0.7	0.0	0.0	0.0	33.3	0.0	66.7	0	ssDNA	linear	NODE_2162_length_1415_cov_3.052206||full	0.7	ssDNA
NODE_214_length_2775_cov_3.170221	1	4	26	2775	0.527	0.527	1	4	26	2775	NA	NA	0	1	4	26	2775	0.527	0.0	0.0	0.0	25.0	25.0	50.0	0	dsDNAphage	linear	NODE_214_length_2775_cov_3.170221||full	0.527	dsDNAphage
NODE_2142_length_1420_cov_1.674725	1	2	1	1322	0.973	0.973	1	2	1	1322	NA	NA	0	1	2	1	1322	0.973	0.0	0.0	0.0	50.0	0.0	50.0	1	dsDNAphage	linear	NODE_2142_length_1420_cov_1.674725||full	0.973	dsDNAphage
NODE_210_length_2788_cov_2.079766	1	3	2	2582	0.573	0.573	1	3	2	2582	NA	NA	0	1	3	2	2582	0.573	0.0	0.0	0.0	66.7	0.0	33.3	0	dsDNAphage	linear	NODE_210_length_2788_cov_2.079766||full	0.573	dsDNAphage
NODE_2088_length_1429_cov_1.813683	1	2	121	1429	0.98	0.98	1	2	121	1429	NA	NA	0	1	2	121	1429	0.98	0.0	0.0	0.0	50.0	0.0	50.0	0	ssDNA	linear	NODE_2088_length_1429_cov_1.813683||full	0.98	ssDNA
NODE_1946_length_1458_cov_2.116180	1	3	3	1458	0.547	0.547	1	3	3	1458	NA	NA	0	1	3	3	1458	0.547	0.0	0.0	0.0	33.3	0.0	66.7	0	dsDNAphage	linear	NODE_1946_length_1458_cov_2.116180||full	0.547	dsDNAphage
NODE_1936_length_1460_cov_3.055516	1	3	3	1460	0.993	0.993	1	3	3	1460	NA	NA	0	1	3	3	1460	0.993	0.0	0.0	0.0	66.7	0.0	33.3	0	ssDNA	linear	NODE_1936_length_1460_cov_3.055516||full	0.993	ssDNA
NODE_191_length_2886_cov_3.518898	1	4	2	2885	0.787	0.787	1	4	2	2885	NA	NA	0	1	4	2	2885	0.787	0.0	0.0	0.0	50.0	25.0	25.0	0	dsDNAphage	linear	NODE_191_length_2886_cov_3.518898||full	0.787	dsDNAphage
NODE_1872_length_1477_cov_2.193390	1	3	3	1476	0.673	0.673	1	3	3	1476	NA	NA	0	1	3	3	1476	0.673	0.0	0.0	0.0	33.3	0.0	66.7	0	dsDNAphage	linear	NODE_1872_length_1477_cov_2.193390||full	0.673	dsDNAphage
NODE_1867_length_1478_cov_7.661982	1	3	3	1476	0.94	0.94	1	3	3	1476	NA	NA	0	1	3	3	1476	0.94	0.0	0.0	0.0	66.7	0.0	33.3	0	ssDNA	linear	NODE_1867_length_1478_cov_7.661982||full	0.94	ssDNA
NODE_182_length_2913_cov_4.265220	1	4	3	2752	0.88	0.88	1	4	3	2752	NA	NA	0	1	4	3	2752	0.88	0.0	0.0	0.0	75.0	0.0	25.0	0	ssDNA	linear	NODE_182_length_2913_cov_4.265220||full	0.88	ssDNA
NODE_1822_length_1486_cov_2.360587	1	3	15	1485	0.66	0.66	1	3	15	1485	NA	NA	0	1	3	15	1485	0.66	0.0	0.0	0.0	33.3	33.3	33.3	1	dsDNAphage	linear	NODE_1822_length_1486_cov_2.360587||full	0.66	dsDNAphage
NODE_1818_length_1487_cov_2.956704	1	2	285	1486	0.96	0.96	1	2	285	1486	NA	NA	0	1	2	285	1486	0.96	0.0	0.0	0.0	50.0	0.0	50.0	1	dsDNAphage	linear	NODE_1818_length_1487_cov_2.956704||full	0.96	dsDNAphage
NODE_1693_length_1513_cov_3.688615	1	2	1	1472	0.96	0.96	1	2	1	1472	NA	NA	0	1	2	1	1472	0.96	0.0	0.0	0.0	50.0	0.0	50.0	0	ssDNA	linear	NODE_1693_length_1513_cov_3.688615||full	0.96	ssDNA
NODE_1644_length_1525_cov_2.221769	1	2	8	1524	0.967	0.967	1	2	8	1524	NA	NA	0	1	2	8	1524	0.967	0.0	0.0	0.0	50.0	0.0	50.0	0	ssDNA	linear	NODE_1644_length_1525_cov_2.221769||full	0.967	ssDNA
NODE_1599_length_1536_cov_10.480081	1	2	104	1535	0.993	0.993	1	2	104	1535	NA	NA	0	1	2	104	1535	0.993	0.0	0.0	0.0	50.0	0.0	50.0	0	ssDNA	linear	NODE_1599_length_1536_cov_10.480081||full	0.993	ssDNA
NODE_1591_length_1538_cov_1.581254	1	3	1	1537	0.94	0.94	1	3	1	1537	NA	NA	0	1	3	1	1537	0.94	0.0	0.0	0.0	33.3	0.0	66.7	0	ssDNA	linear	NODE_1591_length_1538_cov_1.581254||full	0.94	ssDNA
NODE_1549_length_1545_cov_3.516107	1	3	2	1543	0.587	0.587	1	3	2	1543	NA	NA	0	1	3	2	1543	0.587	0.0	0.0	0.0	66.7	33.3	0.0	0	dsDNAphage	linear	NODE_1549_length_1545_cov_3.516107||full	0.587	dsDNAphage
NODE_1488_length_1563_cov_2.441645	1	3	2	1563	1.0	1.0	1	3	2	1563	NA	NA	0	1	3	2	1563	1.0	0.0	0.0	0.0	66.7	0.0	33.3	0	ssDNA	linear	NODE_1488_length_1563_cov_2.441645||full	1.0	ssDNA
NODE_1442_length_1577_cov_1.918528	1	3	2	1576	0.967	0.967	1	3	2	1576	NA	NA	0	1	3	2	1576	0.967	0.0	0.0	0.0	33.3	0.0	66.7	0	ssDNA	linear	NODE_1442_length_1577_cov_1.918528||full	0.967	ssDNA
NODE_1431_length_1582_cov_4.519319	1	3	62	1435	0.98	0.98	1	3	62	1435	NA	NA	0	1	3	62	1435	0.98	0.0	0.0	0.0	100.0	0.0	0.0	0	ssDNA	linear	NODE_1431_length_1582_cov_4.519319||full	0.98	ssDNA
NODE_1412_length_1589_cov_1.436115	1	3	2	1589	0.88	0.88	1	3	2	1589	NA	NA	0	1	3	2	1589	0.88	0.0	0.0	0.0	33.3	0.0	66.7	0	ssDNA	linear	NODE_1412_length_1589_cov_1.436115||full	0.88	ssDNA
NODE_1367_length_1604_cov_2.699806	1	3	3	1602	0.627	0.627	1	3	3	1602	NA	NA	0	1	3	3	1602	0.627	0.0	33.3	0.0	66.7	0.0	0.0	0	dsDNAphage	linear	NODE_1367_length_1604_cov_2.699806||full	0.627	dsDNAphage
NODE_1361_length_1607_cov_1.571521	1	3	1	1605	0.907	0.907	1	3	1	1605	NA	NA	0	1	3	1	1605	0.907	0.0	0.0	0.0	66.7	0.0	33.3	0	ssDNA	linear	NODE_1361_length_1607_cov_1.571521||full	0.907	ssDNA
NODE_1357_length_1608_cov_1.590470	1	2	1	1586	0.907	0.907	1	2	1	1586	NA	NA	0	1	2	1	1586	0.907	0.0	0.0	0.0	100.0	0.0	0.0	0	dsDNAphage	linear	NODE_1357_length_1608_cov_1.590470||full	0.907	dsDNAphage
NODE_133_length_3199_cov_2.799936	1	6	3	3198	0.853	0.853	1	6	3	3198	NA	NA	0	1	6	3	3198	0.853	0.0	0.0	0.0	33.3	0.0	66.7	0	dsDNAphage	linear	NODE_133_length_3199_cov_2.799936||full	0.853	dsDNAphage
NODE_1332_length_1618_cov_3.543186	1	2	154	1616	1.0	1.0	1	2	154	1616	NA	NA	0	1	2	154	1616	1.0	0.0	0.0	0.0	100.0	0.0	0.0	0	ssDNA	linear	NODE_1332_length_1618_cov_3.543186||full	1.0	ssDNA
NODE_1305_length_1627_cov_2.877226	1	3	1	1627	0.9	0.9	1	3	1	1627	NA	NA	0	1	3	1	1627	0.9	0.0	0.0	0.0	100.0	0.0	0.0	1	dsDNAphage	linear	NODE_1305_length_1627_cov_2.877226||full	0.9	dsDNAphage
NODE_1304_length_1627_cov_5.342239	1	3	2	1627	0.647	0.647	1	3	2	1627	NA	NA	0	1	3	2	1627	0.647	0.0	0.0	0.0	66.7	0.0	33.3	0	dsDNAphage	linear	NODE_1304_length_1627_cov_5.342239||full	0.647	dsDNAphage
NODE_1295_length_1630_cov_1.762540	1	2	162	1628	0.98	0.98	1	2	162	1628	NA	NA	0	1	2	162	1628	0.98	0.0	0.0	0.0	50.0	0.0	50.0	0	ssDNA	linear	NODE_1295_length_1630_cov_1.762540||full	0.98	ssDNA
NODE_1270_length_1641_cov_2.975410	1	3	2	1639	1.0	1.0	1	3	2	1639	NA	NA	0	1	3	2	1639	1.0	0.0	0.0	0.0	100.0	0.0	0.0	0	ssDNA	linear	NODE_1270_length_1641_cov_2.975410||full	1.0	ssDNA
NODE_1268_length_1642_cov_3.340265	1	3	1	1484	0.853	0.853	1	3	1	1484	NA	NA	0	1	3	1	1484	0.853	0.0	0.0	0.0	33.3	0.0	66.7	0	ssDNA	linear	NODE_1268_length_1642_cov_3.340265||full	0.853	ssDNA
NODE_1263_length_1645_cov_2.336478	1	3	3	1584	0.527	0.527	1	3	3	1584	NA	NA	0	1	3	3	1584	0.527	0.0	0.0	0.0	33.3	33.3	33.3	0	dsDNAphage	linear	NODE_1263_length_1645_cov_2.336478||full	0.527	dsDNAphage
NODE_1258_length_1647_cov_1.901382	1	3	2	1645	0.56	0.56	1	3	2	1645	NA	NA	0	1	3	2	1645	0.56	0.0	0.0	0.0	33.3	0.0	66.7	0	dsDNAphage	linear	NODE_1258_length_1647_cov_1.901382||full	0.56	dsDNAphage
NODE_1245_length_1651_cov_5.031328	1	4	1	1588	0.933	0.933	1	4	1	1588	NA	NA	0	1	4	1	1588	0.933	0.0	0.0	0.0	50.0	0.0	50.0	0	ssDNA	linear	NODE_1245_length_1651_cov_5.031328||full	0.933	ssDNA
NODE_1241_length_1653_cov_2.001877	1	2	3	1611	0.9	0.9	1	2	3	1611	NA	NA	0	1	2	3	1611	0.9	0.0	0.0	0.0	50.0	0.0	50.0	0	ssDNA	linear	NODE_1241_length_1653_cov_2.001877||full	0.9	ssDNA
NODE_122_length_3246_cov_3.753996	1	6	45	3244	0.733	0.733	1	6	45	3244	NA	NA	0	1	6	45	3244	0.733	0.0	0.0	0.0	16.7	0.0	83.3	0	dsDNAphage	linear	NODE_122_length_3246_cov_3.753996||full	0.733	dsDNAphage
NODE_1194_length_1669_cov_1.988228	1	3	1	1669	0.68	0.68	1	3	1	1669	NA	NA	0	1	3	1	1669	0.68	0.0	0.0	0.0	66.7	33.3	0.0	0	dsDNAphage	linear	NODE_1194_length_1669_cov_1.988228||full	0.68	dsDNAphage
NODE_1170_length_1678_cov_10.825015	1	3	2	1443	0.987	0.987	1	3	2	1443	NA	NA	0	1	3	2	1443	0.987	0.0	0.0	0.0	66.7	0.0	33.3	0	ssDNA	linear	NODE_1170_length_1678_cov_10.825015||full	0.987	ssDNA
NODE_110_length_3362_cov_3.798911	1	5	189	3360	0.787	0.787	1	5	189	3360	NA	NA	0	1	5	189	3360	0.787	0.0	0.0	0.0	20.0	20.0	60.0	1	dsDNAphage	linear	NODE_110_length_3362_cov_3.798911||full	0.787	dsDNAphage
NODE_106_length_3379_cov_3.513237	1	10	3	3377	0.967	0.967	1	10	3	3377	NA	NA	0	1	10	3	3377	0.967	0.0	0.0	0.0	90.0	0.0	10.0	5	dsDNAphage	linear	NODE_106_length_3379_cov_3.513237||full	0.967	dsDNAphage
NODE_1056_length_1730_cov_3.011343	1	3	1	1728	0.753	0.753	1	3	1	1728	NA	NA	0	1	3	1	1728	0.753	0.0	0.0	0.0	66.7	0.0	33.3	0	dsDNAphage	linear	NODE_1056_length_1730_cov_3.011343||full	0.753	dsDNAphage
NODE_1029_length_1742_cov_1.900415	1	5	2	1741	0.8	0.8	1	5	2	1741	NA	NA	0	1	5	2	1741	0.8	0.0	0.0	0.0	20.0	0.0	80.0	0	dsDNAphage	linear	NODE_1029_length_1742_cov_1.900415||full	0.8	dsDNAphage
NODE_1003_length_1759_cov_6.676643	1	3	3	1582	0.807	0.807	1	3	3	1582	NA	NA	0	1	3	3	1582	0.807	0.0	0.0	0.0	33.3	0.0	66.7	0	ssDNA	linear	NODE_1003_length_1759_cov_6.676643||full	0.807	ssDNA
